{
  "log": {
    "access": "/var/log/xray/access2.log",
    "error": "/var/log/xray/error2.log",
    "loglevel": "info"
  },
  "inbounds": [
    {
      "listen": "127.0.0.1",
      "port": 10086,
      "protocol": "dokodemo-door",
      "settings": {
        "address": "127.0.0.1"
      },
      "tag": "api"
    },
    {
      "listen": "127.0.0.1",
      "port": 5210,
      "protocol": "vmess",
      "settings": {
        "clients": [
          {
            "id": "58a9149a-eb5c-4b99-83d2-ff86777a9131",
            "alterId": 0
#vmessWS
### MANDALIKAV1_ws 2023-10-26 VmessWS-NTLS 
},{"id": "1d2581ee-6dee-447c-893a-836e875fa8ba","alterId": 0,"email": "MANDALIKAV1_ws"
### IRILV1_ws 2023-10-26 VmessWS-NTLS 
},{"id": "bea1f2bf-5b97-45c0-87c3-a7588d55915e","alterId": 0,"email": "IRILV1_ws"
### HIJAS4V1_ws 2023-10-25 VmessWS-NTLS 
},{"id": "3653f958-3627-4eb4-a3a9-67109ec4d995","alterId": 0,"email": "HIJAS4V1_ws"
### HIJAS3V1_ws 2023-10-21 VmessWS-NTLS 
},{"id": "bcfefc58-c378-4493-b9b1-c6aec804c8f3","alterId": 0,"email": "HIJAS3V1_ws"
### HIJAS2V1_ws 2023-11-06 VmessWS-NTLS 
},{"id": "08ff9b87-1870-40d1-96bb-1dfb772179f2","alterId": 0,"email": "HIJAS2V1_ws"
### HIJAS1V1_ws 2023-11-16 VmessWS-NTLS 
},{"id": "d18800ed-adf6-4db4-b9d7-42824c89ab65","alterId": 0,"email": "HIJAS1V1_ws"
### JELITAV1_ws 2023-11-03 VmessWS-NTLS 
},{"id": "4e26040d-f6ae-4219-a067-ddcba75b0831","alterId": 0,"email": "JELITAV1_ws"
### IDASTBKV4_ws 2023-11-14 VmessWS-NTLS 
},{"id": "859996c4-130d-4187-bbde-0e01e858a728","alterId": 0,"email": "IDASTBKV4_ws"
### IDASTBKV3_ws 2023-11-14 VmessWS-NTLS 
},{"id": "fec17a6d-921b-42e0-9aae-28fc64b8b12a","alterId": 0,"email": "IDASTBKV3_ws"
### IDASTBKV2_ws 2023-11-14 VmessWS-NTLS 
},{"id": "77fb5101-37f8-4cc0-ba42-1d0694fdc344","alterId": 0,"email": "IDASTBKV2_ws"
### IDASTBKV1_ws 2023-11-14 VmessWS-NTLS 
},{"id": "75e38f1e-7fe1-4fb2-90c1-d5b188589e14","alterId": 0,"email": "IDASTBKV1_ws"
### KHAIRIYAHV4_ws 2023-11-10 VmessWS-NTLS 
},{"id": "34a13f75-b447-4db0-8c6a-6681369061bc","alterId": 0,"email": "KHAIRIYAHV4_ws"
### KHAIRIYAHV3_ws 2023-11-10 VmessWS-NTLS 
},{"id": "cc7d18f8-c744-4d84-8c0a-1811d800909b","alterId": 0,"email": "KHAIRIYAHV3_ws"
### KHAIRIYAHV2_ws 2023-11-10 VmessWS-NTLS 
},{"id": "dcbc1f75-7a6f-4d5d-9658-6f727e17cadf","alterId": 0,"email": "KHAIRIYAHV2_ws"
### KHAIRIYAHV1_ws 2023-11-10 VmessWS-NTLS 
},{"id": "6406a766-9613-46e2-9ce6-6d04867526d8","alterId": 0,"email": "KHAIRIYAHV1_ws"
### KANTORHERIV4_ws 2023-11-14 VmessWS-NTLS 
},{"id": "99224342-b9eb-444d-9410-3de439eed892","alterId": 0,"email": "KANTORHERIV4_ws"
### KANTORHERIV3_ws 2023-11-14 VmessWS-NTLS 
},{"id": "40565cec-8c9e-438b-9915-8183882c2bf2","alterId": 0,"email": "KANTORHERIV3_ws"
### KANTORHERIV2_ws 2023-11-14 VmessWS-NTLS 
},{"id": "acec299c-649f-49de-8420-c5ca710e674c","alterId": 0,"email": "KANTORHERIV2_ws"
### KANTORHERIV1_ws 2023-11-14 VmessWS-NTLS 
},{"id": "48f910f4-6411-4a5a-9a60-b5df641359f8","alterId": 0,"email": "KANTORHERIV1_ws"
### RUMAHHERIV4_ws 2023-11-10 VmessWS-NTLS 
},{"id": "41432813-7094-41e0-8d66-a948d83adba2","alterId": 0,"email": "RUMAHHERIV4_ws"
### RUMAHHERIV3_ws 2023-11-10 VmessWS-NTLS 
},{"id": "ca8e1f85-c39d-482d-88db-c75c6a53e705","alterId": 0,"email": "RUMAHHERIV3_ws"
### RUMAHHERIV2_ws 2023-11-10 VmessWS-NTLS 
},{"id": "fb8490db-a043-4450-a082-1ae7d2876076","alterId": 0,"email": "RUMAHHERIV2_ws"
### RUMAHHERIV1_ws 2023-11-10 VmessWS-NTLS 
},{"id": "4c060a6c-0eba-4071-a837-4c3f24d04a67","alterId": 0,"email": "RUMAHHERIV1_ws"
### ADMINV4_ws 2024-01-23 VmessWS-NTLS 
},{"id": "e19cd862-d218-47d7-bfe4-575c1ce6e2df","alterId": 0,"email": "ADMINV4_ws"
### ADMINV3_ws 2024-01-23 VmessWS-NTLS 
},{"id": "8d0d8260-98fa-48ac-9378-ea7078f80d92","alterId": 0,"email": "ADMINV3_ws"
### ADMINV2_ws 2024-01-23 VmessWS-NTLS 
},{"id": "0c24b2f1-3503-4a1d-9bc8-11bfa10f55a2","alterId": 0,"email": "ADMINV2_ws"
### ADMINV1_ws 2024-01-23 VmessWS-NTLS 
},{"id": "fe8252b6-a695-43d8-a19e-c98db4086e4e","alterId": 0,"email": "ADMINV1_ws"
          }
        ]
      },
      "streamSettings": {
        "network": "ws",
        "wsSettings": {
          "path": "/vmessws",
          "headers": {
            "Host": ""
          }
         },
        "quicSettings": {},
        "sockopt": {
          "mark": 0,
          "tcpFastOpen": true
        }
      },
      "sniffing": {
        "enabled": true,
        "destOverride": [
          "http",
          "tls"
        ]
      },
      "domain": "nightbot.rzs.my.id"
    },
      {
      "listen": "127.0.0.1",
      "port": 5211,
      "protocol": "vless",
      "settings": {
        "clients": [
          {
            "id": "58a9149a-eb5c-4b99-83d2-ff86777a9131"
#vlessWS
          }
        ],
        "decryption": "none"
      },
      "streamSettings": {
        "network": "ws",
        "wsSettings": {
          "path": "/vlessws",
          "headers": {
            "Host": ""
          }
         },
        "quicSettings": {},
        "sockopt": {
          "mark": 0,
          "tcpFastOpen": true
        }
      },
      "sniffing": {
        "enabled": true,
        "destOverride": [
          "http",
          "tls"
        ]
      },
      "domain": "nightbot.rzs.my.id"
    }
  ],
  "outbounds": [
    {
      "protocol": "freedom",
      "settings": {}
    },
    {
      "protocol": "blackhole",
      "settings": {},
      "tag": "blocked"
    }
  ],
  "routing": {
    "rules": [
      {
        "type": "field",
        "ip": [
          "0.0.0.0/8",
          "10.0.0.0/8",
          "100.64.0.0/10",
          "169.254.0.0/16",
          "172.16.0.0/12",
          "192.0.0.0/24",
          "192.0.2.0/24",
          "192.168.0.0/16",
          "198.18.0.0/15",
          "198.51.100.0/24",
          "203.0.113.0/24",
          "::1/128",
          "fc00::/7",
          "fe80::/10"
        ],
        "outboundTag": "blocked"
      },
      {
        "inboundTag": [
          "api"
        ],
        "outboundTag": "api",
        "type": "field"
      },
      {
        "type": "field",
        "outboundTag": "blocked",
        "protocol": [
          "bittorrent"
        ]
      }
    ]
  },
  "stats": {},
  "api": {
    "services": [
      "StatsService"
    ],
    "tag": "api"
  },
  "policy": {
    "levels": {
      "0": {
        "statsUserDownlink": true,
        "statsUserUplink": true
      }
    },
    "system": {
      "statsInboundUplink": true,
      "statsInboundDownlink": true,
      "statsOutboundUplink" : true,
      "statsOutboundDownlink" : true
    }
  }
}
