{
  "log": {
    "access": "/var/log/xray/access2.log",
    "error": "/var/log/xray/error2.log",
    "loglevel": "info"
  },
  "inbounds": [
    {
      "listen": "127.0.0.1",
      "port": 10086,
      "protocol": "dokodemo-door",
      "settings": {
        "address": "127.0.0.1"
      },
      "tag": "api"
    },
    {
      "listen": "127.0.0.1",
      "port": 5210,
      "protocol": "vmess",
      "settings": {
        "clients": [
          {
            "id": "835b9ba4-9c78-4775-89f0-fd628aa1ea3d",
            "alterId": 0
#vmessWS
          }
        ]
      },
      "streamSettings": {
        "network": "ws",
        "wsSettings": {
          "path": "/vmessws",
          "headers": {
            "Host": ""
          }
         },
        "quicSettings": {},
        "sockopt": {
          "mark": 0,
          "tcpFastOpen": true
        }
      },
      "sniffing": {
        "enabled": true,
        "destOverride": [
          "http",
          "tls"
        ]
      },
      "domain": "ozhorastore.my.id"
    },
      {
      "listen": "127.0.0.1",
      "port": 5211,
      "protocol": "vless",
      "settings": {
        "clients": [
          {
            "id": "835b9ba4-9c78-4775-89f0-fd628aa1ea3d"
#vlessWS
          }
        ],
        "decryption": "none"
      },
      "streamSettings": {
        "network": "ws",
        "wsSettings": {
          "path": "/vlessws",
          "headers": {
            "Host": ""
          }
         },
        "quicSettings": {},
        "sockopt": {
          "mark": 0,
          "tcpFastOpen": true
        }
      },
      "sniffing": {
        "enabled": true,
        "destOverride": [
          "http",
          "tls"
        ]
      },
      "domain": "ozhorastore.my.id"
    }
  ],
  "outbounds": [
    {
      "protocol": "freedom",
      "settings": {}
    },
    {
      "protocol": "blackhole",
      "settings": {},
      "tag": "blocked"
    }
  ],
  "routing": {
    "rules": [
      {
        "type": "field",
        "ip": [
          "0.0.0.0/8",
          "10.0.0.0/8",
          "100.64.0.0/10",
          "169.254.0.0/16",
          "172.16.0.0/12",
          "192.0.0.0/24",
          "192.0.2.0/24",
          "192.168.0.0/16",
          "198.18.0.0/15",
          "198.51.100.0/24",
          "203.0.113.0/24",
          "::1/128",
          "fc00::/7",
          "fe80::/10"
        ],
        "outboundTag": "blocked"
      },
      {
        "inboundTag": [
          "api"
        ],
        "outboundTag": "api",
        "type": "field"
      },
      {
        "type": "field",
        "outboundTag": "blocked",
        "protocol": [
          "bittorrent"
        ]
      }
    ]
  },
  "stats": {},
  "api": {
    "services": [
      "StatsService"
    ],
    "tag": "api"
  },
  "policy": {
    "levels": {
      "0": {
        "statsUserDownlink": true,
        "statsUserUplink": true
      }
    },
    "system": {
      "statsInboundUplink": true,
      "statsInboundDownlink": true,
      "statsOutboundUplink" : true,
      "statsOutboundDownlink" : true
    }
  }
}
