{
  "log": {
    "access": "/var/log/xray/access2.log",
    "error": "/var/log/xray/error2.log",
    "loglevel": "info"
  },
  "inbounds": [
    {
      "listen": "127.0.0.1",
      "port": 10086,
      "protocol": "dokodemo-door",
      "settings": {
        "address": "127.0.0.1"
      },
      "tag": "api"
    },
    {
      "listen": "127.0.0.1",
      "port": 5210,
      "protocol": "vmess",
      "settings": {
        "clients": [
          {
            "id": "38188f85-88af-4e3c-88b0-290a64c09dc6",
            "alterId": 0
#vmessWS
### random 2023-10-28 VmessWS-NTLS 
},{"id": "aec9393f-a6a6-4eb2-85e9-13637c4620e5","alterId": 0,"email": "random"
### TomBrc0212 2023-12-02 VmessWS-NTLS 
},{"id": "43c2590f-aca2-4532-ab54-45387f733b5d","alterId": 0,"email": "TomBrc0212"
### justin 2023-11-14 VmessWS-NTLS 
},{"id": "1a126a8d-772d-42a5-84f5-6b1d4b2b8913","alterId": 0,"email": "justin"
### huda 2023-11-01 VmessWS-NTLS 
},{"id": "9da9f717-0414-4ca6-ade0-f97156323fe0","alterId": 0,"email": "huda"
### Pulobantan 2023-11-01 VmessWS-NTLS 
},{"id": "f3868cf0-1a36-4f59-909e-362766bd4dd4","alterId": 0,"email": "Pulobantan"
### FebriSeptian 2023-10-30 VmessWS-NTLS 
},{"id": "25764e9a-6f0e-4ece-ad9a-571a041d350c","alterId": 0,"email": "FebriSeptian"
### DorXL01 2023-10-27 VmessWS-NTLS 
},{"id": "c521b2c7-3c19-43a0-ae10-90cc023895a3","alterId": 0,"email": "DorXL01"
### cikokol109_ws 2023-10-26 VmessWS-NTLS 
},{"id": "3f441737-918a-44ff-aac9-33ede76ba759","alterId": 0,"email": "cikokol109_ws"
### kutil 2023-10-19 VmessWS-NTLS 
},{"id": "abbdb418-3f66-4517-bde8-431b33cd528f","alterId": 0,"email": "kutil"
### inah02 2023-10-19 VmessWS-NTLS 
},{"id": "1017e600-ceb4-4b63-ba88-632433ce3d81","alterId": 0,"email": "inah02"
### mimin 2023-10-26 VmessWS-NTLS 
},{"id": "832d41d9-1e7f-41d1-a994-ae59cc5cdb14","alterId": 0,"email": "mimin"
          }
        ]
      },
      "streamSettings": {
        "network": "ws",
        "wsSettings": {
          "path": "/vmessws",
          "headers": {
            "Host": ""
          }
         },
        "quicSettings": {},
        "sockopt": {
          "mark": 0,
          "tcpFastOpen": true
        }
      },
      "sniffing": {
        "enabled": true,
        "destOverride": [
          "http",
          "tls"
        ]
      },
      "domain": "linode.rfstore-vpn.my.id"
    },
      {
      "listen": "127.0.0.1",
      "port": 5211,
      "protocol": "vless",
      "settings": {
        "clients": [
          {
            "id": "38188f85-88af-4e3c-88b0-290a64c09dc6"
#vlessWS
          }
        ],
        "decryption": "none"
      },
      "streamSettings": {
        "network": "ws",
        "wsSettings": {
          "path": "/vlessws",
          "headers": {
            "Host": ""
          }
         },
        "quicSettings": {},
        "sockopt": {
          "mark": 0,
          "tcpFastOpen": true
        }
      },
      "sniffing": {
        "enabled": true,
        "destOverride": [
          "http",
          "tls"
        ]
      },
      "domain": "linode.rfstore-vpn.my.id"
    }
  ],
  "outbounds": [
    {
      "protocol": "freedom",
      "settings": {}
    },
    {
      "protocol": "blackhole",
      "settings": {},
      "tag": "blocked"
    }
  ],
  "routing": {
    "rules": [
      {
        "type": "field",
        "ip": [
          "0.0.0.0/8",
          "10.0.0.0/8",
          "100.64.0.0/10",
          "169.254.0.0/16",
          "172.16.0.0/12",
          "192.0.0.0/24",
          "192.0.2.0/24",
          "192.168.0.0/16",
          "198.18.0.0/15",
          "198.51.100.0/24",
          "203.0.113.0/24",
          "::1/128",
          "fc00::/7",
          "fe80::/10"
        ],
        "outboundTag": "blocked"
      },
      {
        "inboundTag": [
          "api"
        ],
        "outboundTag": "api",
        "type": "field"
      },
      {
        "type": "field",
        "outboundTag": "blocked",
        "protocol": [
          "bittorrent"
        ]
      }
    ]
  },
  "stats": {},
  "api": {
    "services": [
      "StatsService"
    ],
    "tag": "api"
  },
  "policy": {
    "levels": {
      "0": {
        "statsUserDownlink": true,
        "statsUserUplink": true
      }
    },
    "system": {
      "statsInboundUplink": true,
      "statsInboundDownlink": true,
      "statsOutboundUplink" : true,
      "statsOutboundDownlink" : true
    }
  }
}
