{
  "log": {
    "access": "/var/log/xray/access.log",
    "error": "/var/log/xray/error.log",
    "loglevel": "info"
  },
  "inbounds": [
    {
      "listen": "127.0.0.1",
      "port": 10085,
      "protocol": "dokodemo-door",
      "settings": {
        "address": "127.0.0.1"
      },
      "tag": "api"
    },
        {
            "port": 1310,
            "listen": "127.0.0.1",
            "protocol": "trojan",
            "settings": {
                "clients": [
                    {
                        "password": "7fcee743-6ea0-4ffa-b50b-a206966580d6",
                        "level": 0,
                        "email": "user"
                    }
#trojantcp
                ],
                "fallbacks": [
                    {
                        "dest": 2052
                    }
                ]
            },
            "streamSettings": {
                "network": "tcp",
                "security": "none",
                "tcpSettings": {
                    "acceptProxyProtocol": true
                }
            }
        }
        ],
  "outbounds": [
    {
      "protocol": "freedom",
      "settings": {}
    },
    {
      "protocol": "blackhole",
      "settings": {},
      "tag": "blocked"
    }
  ],
  "routing": {
    "rules": [
      {
        "type": "field",
        "ip": [
          "0.0.0.0/8",
          "10.0.0.0/8",
          "100.64.0.0/10",
          "169.254.0.0/16",
          "172.16.0.0/12",
          "192.0.0.0/24",
          "192.0.2.0/24",
          "192.168.0.0/16",
          "198.18.0.0/15",
          "198.51.100.0/24",
          "203.0.113.0/24",
          "::1/128",
          "fc00::/7",
          "fe80::/10"
        ],
        "outboundTag": "blocked"
      },
      {
        "inboundTag": [
          "api"
        ],
        "outboundTag": "api",
        "type": "field"
      },
      {
        "type": "field",
        "outboundTag": "blocked",
        "protocol": [
          "bittorrent"
        ]
      }
    ]
  },
  "stats": {},
  "api": {
    "services": [
      "StatsService"
    ],
    "tag": "api"
  },
  "policy": {
    "levels": {
      "0": {
        "statsUserDownlink": true,
        "statsUserUplink": true
      }
    },
    "system": {
      "statsInboundUplink": true,
      "statsInboundDownlink": true,
      "statsOutboundUplink" : true,
      "statsOutboundDownlink" : true
    }
  }
}
{
  "outbounds": [
    {
      "protocol": "dns",
      "tag": "dns-out"
    },
    {
      "streamSettings": {
        "sockopt": {
          "mark": 255
        }
      },
      "settings": {
        "domainStrategy": "UseIPv4"
      },
      "protocol": "freedom",
      "tag": "direct"
    },
    {
      "protocol": "blackhole",
      "tag": "blackhole"
    },
    {
      "settings": {
        "servers": [
          {
            "port": 10085,
            "address": "127.0.0.1"
          }
        ]
      },
      "streamSettings": {
        "network": "tcp",
        "security": "none"
      },
      "protocol": "socks",
      "tag": "out"
    }
  ],
  "log": {
    "loglevel": "warning"
  },
  "dns": {
    "hosts": {
      "dns.tiarap": "174.138.21.128",
      "dns.1host": "76.76.2.38",
      "geosite:category-ads-all": "127.0.0.1"
    },
    "servers": [
      {
        "address": "https://doh.tiarap.org/dns-query",
        "domains": ["geosite:geolocation-!cn"],
        "expectIPs": ["geoip:!cn"]
      },
      "174.138.21.128",
      {
        "address": "174.138.21.128",
        "port": 53,
        "domains": ["geosite:id", "geosite:category-games@id"],
        "expectIPs": ["geoip:id"],
        "skipFallback": true
      },
      {
        "address": "localhost",
        "skipFallback": true
      }
    ]
  },
  "routing": {
    "rules": [
      {
        "type": "field",
        "outboundTag": "Reject",
        "domain": ["geosite:category-ads-all"]
      },
      {
        "type": "field",
        "outboundTag": "Direct",
        "domain": [
          "geosite:private",
          "geosite:apple-id",
          "geosite:google-id",
          "geosite:tld-id",
          "geosite:category-games@id"
        ]
      },
      {
        "type": "field",
        "outboundTag": "Proxy",
        "domain": ["geosite:geolocation-!cn"]
      },
      {
        "type": "field",
        "outboundTag": "Direct",
        "domain": ["geosite:id"]
      },
      {
        "type": "field",
        "outboundTag": "Proxy",
        "network": "tcp,udp"
      }
    ]
  },
  "inbounds": [
    {
      "port": 10085,
      "protocol": "dokodemo-door",
      "settings": {
        "port": 53,
        "network": "udp",
        "address": "174.138.21.128"
      },
      "tag": "dns-in",
      "listen": "127.0.0.1"
    }
  ]
}
